Access Time,IP Address,Referer,Region,City,Country
2016/03/30 11:46:47 ,220.221.252.160,http://www.bing.com/search?q=イージースター 商品登録&qs=n&form=QBRE&pq=イージースター 商品登録&sc=0-8&sp=-1&sk=&cvid=7E13E5E6512945B388CFB95E606CA292,東京都,渋谷区,Japan
2016/03/30 12:01:25 ,106.184.72.210,,,,
2016/03/30 12:33:35 ,27.87.158.142,https://www.google.co.jp/,,,
2016/03/30 14:16:21 ,176.9.103.240,,,,
2016/03/30 14:30:21 ,61.118.149.43,https://www.google.co.jp/,東京都,渋谷区,Japan
2016/03/30 14:59:07 ,66.249.75.104,,,,
2016/03/30 16:04:25 ,122.214.188.131,http://search.yahoo.co.jp/search;_ylt=A2RA2ElxevtWp04AwAKJBtF7?p=他店舗 商品登録&search.x=1&fr=top_ga1_sa&tid=top_ga1_sa&ei=UTF-8&aq=&oq=&afs=,東京都,台東区,Japan
2016/03/30 16:04:30 ,122.214.188.131,http://search.yahoo.co.jp/search;_ylt=A2RA2ElxevtWp04AwAKJBtF7?p=他店舗 商品登録&search.x=1&fr=top_ga1_sa&tid=top_ga1_sa&ei=UTF-8&aq=&oq=&afs=,東京都,台東区,Japan
2016/03/30 16:07:37 ,220.221.252.160,https://www.google.co.jp/,東京都,渋谷区,Japan
2016/03/30 18:36:09 ,153.151.130.10,http://www.google.co.jp/aclk?sa=L&ai=C97UqDJ37Voq2LdjW9AWtrLOAA7zq-OEHzK_I18oCxtng10IIAxADKANgidvJhIQUyAEBqQIWiDLMBylDPqoEKU_QQSqlGmaTxsrD36rCQirJiBBb9477UykMRdfBeITYS7vU4vAG1wAMgAekmPpFiAcBkAcCqAemvhvYBwE&sig=AOD64_2Mn9iqGCfDX5wxoQ5mASpFarj6mw&clui=18&rct=j&q=&ved=0ahUKEwiQlYWJjejLAhVMGJQKHQV5DK4Q0QwIjQE&adurl=https://www.technocrats.jp/tatenpo/,,,
2016/03/30 22:26:12 ,153.156.250.19,https://www.google.co.jp,,,
2016/03/30 23:07:04 ,180.10.73.48,,,,
2016/03/31 12:00:57 ,182.248.236.189,https://www.google.co.jp/,,,
2016/03/31 15:21:45 ,220.221.252.160,https://www.google.co.jp/,東京都,渋谷区,Japan
2016/03/31 16:05:52 ,178.63.51.131,,,,
2016/03/31 16:23:41 ,220.221.252.160,http://www.google.co.jp/aclk?sa=L&ai=C97UqDJ37Voq2LdjW9AWtrLOAA7zq-OEHzK_I18oCxtng10IIAxADKANgidvJhIQUyAEBqQIWiDLMBylDPqoEKU_QQSqlGmaTxsrD36rCQirJiBBb9477UykMRdfBeITYS7vU4vAG1wAMgAekmPpFiAcBkAcCqAemvhvYBwE&sig=AOD64_2Mn9iqGCfDX5wxoQ5mASpFarj6mw&clui=18&rct=j&q=&ved=0ahUKEwiQlYWJjejLAhVMGJQKHQV5DK4Q0QwIjQE&adurl=https://www.technocrats.jp/tatenpo/,東京都,渋谷区,Japan
2016/03/31 16:24:58 ,216.18.209.44,,,,
2016/03/31 17:17:25 ,60.39.233.67,https://www.google.co.jp/,神奈川県,横浜市,Japan
2016/03/31 20:45:15 ,49.98.167.85,http://search.yahoo.co.jp/search?ei=UTF-8&fr=applep2&x=wrt&p=商品アップ作業 早く,,,
2016/03/31 23:41:09 ,66.249.66.94,,,,
2016/04/01 09:15:58 ,124.109.244.69,,,,
2016/04/01 10:06:03 ,220.221.252.160,https://www.google.co.jp/,東京都,渋谷区,Japan
